Name,Order,Family
Canis,Carnivora,Canidae
Vulpes,Carnivora,Canidae
Chlamyphorus,Cingulata,Chlamyphoridae
Elephas,Proboscidea,Elephantidae
Mustela,Carnivora,Mustelidae
Galeopterus,Dermoptera,Cynocephalidae
Lemur,Primates,Lemuridae
Sus,Artiodactyla,Suidae
Canis,Carnivora,Canidae
Accipiter,Accipitriformes,Accipitridae
Oryx,Artiodactyla,Bovidae
Canis,Carnivora,Canidae
Bos,Artiodactyla,Bovidae
Elephas,Proboscidea,Elephantidae
Ovis,Artiodactyla,Bovidae
Setonix,Diprotodontia,Macropodidae
Vulpes,Carnivora,Canidae
Elephas,Proboscidea,Elephantidae
Hemicentetes,Afrosoricida,Tenrecidae
Hyaena,Carnivora,Hyaenidae
Dolichotis,Rodentia,Caviidae
Neovison,Carnivora,Mustelidae
Antilope,Artiodactyla,Bovidae
Elaphodus,Artiodactyla,Cervidae
Rhinopithecus,Primates,Cercopithecidae
Ceratotherium,Perissodactyla,Rhinocerotidae
Loxodonta,Proboscidea,Elephantidae
Pteropus,Chiroptera,Pteropodidae
Cervus,Artiodactyla,Cervidae
Cervus,Artiodactyla,Cervidae
Canis,Carnivora,Canidae
Macaca,Primates,Cercopithecidae
Macaca,Primates,Cercopithecidae
Trachypithecus,Primates,Cercopithecidae
Ateles,Primates,Atelidae
Urocyon,Carnivora,Canidae
Herpestes,Carnivora,Herpestidae
Macropus,Diprotodontia,Macropodidae
Macaca,Primates,Cercopithecidae
Vulpes,Carnivora,Canidae
Speothos,Carnivora,Canidae
Canis,Carnivora,Canidae
Vulpes,Carnivora,Canidae
Chlamyphorus,Cingulata,Chlamyphoridae
Elephas,Proboscidea,Elephantidae
Mustela,Carnivora,Mustelidae
Galeopterus,Dermoptera,Cynocephalidae
Lemur,Primates,Lemuridae
Sus,Artiodactyla,Suidae
Canis,Carnivora,Canidae
Tamiasciurus,Rodentia,Sciuridae
Oryx,Artiodactyla,Bovidae
Canis,Carnivora,Canidae
Bos,Artiodactyla,Bovidae
Elephas,Proboscidea,Elephantidae
Ovis,Artiodactyla,Bovidae
Setonix,Diprotodontia,Macropodidae
Vulpes,Carnivora,Canidae
Elephas,Proboscidea,Elephantidae
Hemicentetes,Afrosoricida,Tenrecidae
Hyaena,Carnivora,Hyaenidae
Dolichotis,Rodentia,Caviidae
Neovison,Carnivora,Mustelidae
Antilope,Artiodactyla,Bovidae
Elaphodus,Artiodactyla,Cervidae
Rhinopithecus,Primates,Cercopithecidae
Ceratotherium,Perissodactyla,Rhinocerotidae
Loxodonta,Proboscidea,Elephantidae
Pteropus,Chiroptera,Pteropodidae
Cervus,Artiodactyla,Cervidae
Cervus,Artiodactyla,Cervidae
Canis,Carnivora,Canidae
Macaca,Primates,Cercopithecidae
Macaca,Primates,Cercopithecidae
Trachypithecus,Primates,Cercopithecidae
Ateles,Primates,Atelidae
Urocyon,Carnivora,Canidae
Herpestes,Carnivora,Herpestidae
Macropus,Diprotodontia,Macropodidae
Macaca,Primates,Cercopithecidae
Vulpes,Carnivora,Canidae
Speothos,Carnivora,Canidae
Leopardus,Carnivora,Felidae
Sus,Artiodactyla,Suidae
Paraechinus,Eulipotyphla,Erinaceidae
Tamiasciurus,Rodentia,Sciuridae
Euchoreutes,Rodentia,Dipodidae
Saguinus,Primates,Callitrichidae
Nasalis,Primates,Cercopithecidae
Camelus,Artiodactyla,Camelidae
Leopardus,Carnivora,Felidae
Condylura,Eulipotyphla,Talpidae
Pteropus,Chiroptera,Pteropodidae
Didelphis,Didelphimorphia,Didelphidae
Lynx,Carnivora,Felidae
Sylvilagus,Lagomorpha,Leporidae
Pteromys,Rodentia,Sciuridae
Ailuropoda,Carnivora,Ursidae
Leopardus,Carnivora,Felidae
Neovison,Carnivora,Mustelidae
Saguinus,Primates,Callitrichidae
Crocuta,Carnivora,Hyaenidae
Leopardus,Carnivora,Felidae
Hemiechinus,Eulipotyphla,Erinaceidae
Phataginus,Pholidota,Manidae
Canis,Carnivora,Canidae
Sciurus,Rodentia,Sciuridae
Chlorocebus,Primates,Cercopithecidae
Ailurus,Carnivora,Ailuridae
Odocoileus,Artiodactyla,Cervidae
Mustela,Carnivora,Mustelidae
Ochotona,Lagomorpha,Ochotonidae
Panthera,Carnivora,Felidae
Lama,Artiodactyla,Camelidae
Puma,Carnivora,Felidae
Cuon,Carnivora,Canidae
Manis,Pholidota,Manidae
Lynx,Carnivora,Felidae
Acinonyx,Carnivora,Felidae
Giraffa,Artiodactyla,Giraffidae
Manis,Pholidota,Manidae
Rattus,Rodentia,Muridae
Smutsia,Pholidota,Manidae
Pudu,Artiodactyla,Cervidae
Leopardus,Carnivora,Felidae
Martes,Carnivora,Mustelidae
Ateles,Primates,Atelidae
Sciurus,Rodentia,Sciuridae
Orcaella,Artiodactyla,Delphinidae
"	Neotoma",Rodentia,Cricetidae
Cryptoprocta,Carnivora,Eupleridae
Neophocaena,Artiodactyla,Phocoenidae
Vicugna,Artiodactyla,Camelidae
Felis,Carnivora,Felidae
Bradypus,Pilosa,Bradypodidae
Moschus,Artiodactyla,Moschidae
Sciurus,Rodentia,Sciuridae
Bettongia,Diprotodontia,Potoroidae
Lama,Artiodactyla,Camelidae
Dama,Artiodactyla,Cervidae
Axis,Artiodactyla,Cervidae
Prionailurus,Carnivora,Felidae
Myotis,Chiroptera,Vespertilionidae
Tamias,Rodentia,Sciuridae
Macropus,Diprotodontia,Macropodidae
Panthera,Carnivora,Felidae
Elephas,Proboscidea,Elephantidae
Echinops,Afrosoricida,Tenrecidae
Elephas,Proboscidea,Elephantidae
Addax,Artiodactyla,Bovidae
Mazama,Artiodactyla,Cervidae
Myrmecobius,Dasyuromorphia,Myrmecobiidae
Marmota,Rodentia,Sciuridae
Felis,Carnivora,Felidae
Martes,Carnivora,Mustelidae
Rusa,Artiodactyla,Cervidae
Smutsia,Pholidota,Manidae
Tamias,Rodentia,Sciuridae
Equus,Perissodactyla,Equidae
Cebus,Primates,Cebidae
Herpestes,Carnivora,Herpestidae
Antidorcas,Artiodactyla,Bovidae
Sciurus,Rodentia,Sciuridae
Panthera,Carnivora,Felidae
Civettictis,Carnivora,Viverridae
Tapirus,Perissodactyla,Tapiridae
Phocoena,Artiodactyla,Phocoenidae
Martes,Carnivora,Mustelidae
Acerodon,Chiroptera,Pteropodidae
Xerospermophilus,Rodentia,Sciuridae
Bradypus,Pilosa,Bradypodidae
Ursus,Carnivora,Ursidae
Hyelaphus,Artiodactyla,Cervidae
Hydropotes,Artiodactyla,Cervidae
Hapalemur,Primates,Lemuridae
Lynx,Carnivora,Felidae
Felis,Carnivora,Felidae
Mellivora,Carnivora,Mustelidae
,Cingulata,Chlamyphoridae
Genetta,Carnivora,Viverridae
Gorilla,Primates,Hominidae
Lynx,Carnivora,Felidae
Wallabia,Diprotodontia,Macropodidae
Panthera,Carnivora,Felidae
Cephalorhynchus,Artiodactyla,Delphinidae
Lepus,Lagomorpha,Leporidae
Mustela,Carnivora,Mustelidae
Petaurus,Diprotodontia,Petauridae
Ateles,Primates,Atelidae
Cerdocyon,Carnivora,Canidae
Suricata,Carnivora,Herpestidae
Ursus,Carnivora,Ursidae
Rucervus,Artiodactyla,Cervidae
Litocranius,Artiodactyla,Bovidae
Bassaricyon,Carnivora,Procyonidae
Puma,Carnivora,Felidae
Sus,Artiodactyla,Suidae
Dasyurus,Dasyuromorphia,Dasyuridae
Ovis,Artiodactyla,Bovidae
Hyaena,Carnivora,Hyaenidae
Herpestes,Carnivora,Herpestidae
Nasua,Carnivora,Procyonidae
Peromyscus,Rodentia,Cricetidae
Bassaricyon,Carnivora,Procyonidae
Caracal,Carnivora,Felidae
Capra,Artiodactyla,Bovidae
Canis,Carnivora,Canidae
Atelerix,Eulipotyphla,Erinaceidae
Phoca,Carnivora,Phocidae
Sarcophilus,Dasyuromorphia,Dasyuridae
Vulpes,Carnivora,Canidae
Sylvicapra,Artiodactyla,Bovidae
Spermophilus,Rodentia,Sciuridae
Cynocephalus,Dermoptera,Cynocephalidae
Equus,Perissodactyla,Equidae
Ovis,Artiodactyla,Bovidae
Dugong,Sirenia,Dugongidae
Okapia,Artiodactyla,Giraffidae
Monodon,Artiodactyla,Monodontidae
Ovis,Artiodactyla,Bovidae
Mustela,Carnivora,Mustelidae
Lontra,Carnivora,Mustelidae
Perameles,Peramelemorphia,Peramelidae
Atelerix,Eulipotyphla,Erinaceidae
Dendrolagus,Diprotodontia,Macropodidae
Macropus,Diprotodontia,Macropodidae
Ictidomys,Rodentia,Sciuridae
Rousettus,Chiroptera,Pteropodidae
Panthera,Carnivora,Felidae
Cercopithecus,Primates,Cercopithecidae
Cervus,Artiodactyla,Cervidae
Arctictis,Carnivora,Viverridae
Taurotragus,Artiodactyla,Bovidae
Pongo,Primates,Hominidae
Vulpes,Carnivora,Canidae
Papio,Primates,Cercopithecidae
Hippotragus,Artiodactyla,Bovidae
Chrysocyon,Carnivora,Canidae
Macaca,Primates,Cercopithecidae
Ratufa,Rodentia,Sciuridae
Equus,Perissodactyla,Equidae
Leopardus,Carnivora,Felidae
Capreolus,Artiodactyla,Cervidae
Myodes,Rodentia,Cricetidae
Ursus,Carnivora,Ursidae
Taxidea,Carnivora,Mustelidae
Panthera,Carnivora,Felidae
Macropus,Diprotodontia,Macropodidae
Canis,Carnivora,Canidae
Crossarchus,Carnivora,Herpestidae
Equus,Perissodactyla,Equidae
Sciurus,Rodentia,Sciuridae
Pusa,Carnivora,Phocidae
Vicugna,Artiodactyla,Camelidae
Mus,Rodentia,Muridae
Equus,Perissodactyla,Equidae
Dasyurus,Dasyuromorphia,Dasyuridae
Papio,Primates,Cercopithecidae
Amblonyx,Carnivora,Mustelidae
Procyon,Carnivora,Procyonidae
Rhinopithecus,Primates,Cercopithecidae
Cynictis,Carnivora,Herpestidae
Eulemur,Primates,Lemuridae
Erinaceus,Eulipotyphla,Erinaceidae
Arctocephalus,Carnivora,Otariidae
Equus,Perissodactyla,Equidae
Aonyx,Carnivora,Mustelidae
Meles,Carnivora,Mustelidae
Pan,Primates,Hominidae
Lontra,Carnivora,Mustelidae
Daubentonia,Primates,Daubentoniidae
Lutrogale,Carnivora,Mustelidae
Canis,Carnivora,Canidae
Otocolobus,Carnivora,Felidae
Carlito,Primates,Tarsiidae
Phodopus,Rodentia,Cricetidae
Leontopithecus,Primates,Callitrichidae
Hylobates,Primates,Hylobatidae
Neofelis,Carnivora,Felidae
Eutamias,Rodentia,Sciuridae
Myocastor,Rodentia,Echimyidae
Pteropus,Chiroptera,Pteropodidae
Leopardus,Carnivora,Felidae
Mustela,Carnivora,Mustelidae
Tursiops,Artiodactyla,Delphinidae
Bos,Artiodactyla,Bovidae
Apodemus,Rodentia,Muridae
Lepus,Lagomorpha,Leporidae
Macropus,Diprotodontia,Macropodidae
Odocoileus,Artiodactyla,Cervidae
Caracal,Carnivora,Felidae
Choloepus,Pilosa,Megalonychidae
Hydrurga,Carnivora,Phocidae
Prionailurus,Carnivora,Felidae
Trichosurus,Diprotodontia,Phalangeridae
Lemmus,Rodentia,Cricetidae
Equus,Perissodactyla,Equidae
Mustela,Carnivora,Mustelidae
Ursus,Carnivora,Ursidae
Bos,Artiodactyla,Bovidae
Cercopithecus,Primates,Cercopithecidae
Camelus,Artiodactyla,Camelidae
Macropus,Diprotodontia,Macropodidae
Sminthopsis,Dasyuromorphia,Dasyuridae
Microtus,Rodentia,Cricetidae
Arctocephalus,Carnivora,Otariidae
Galago,Primates,Galagidae
Ateles,Primates,Atelidae
Catopuma,Carnivora,Felidae
Marmota,Rodentia,Sciuridae
Tarsipes,Diprotodontia,Tarsipedidae
Nanger,Artiodactyla,Bovidae
Procavia,Hyracoidea,Procaviidae
Lasiorhinus,Diprotodontia,Vombatidae
Tachyglossus,Monotremata,Tachyglossidae
Eidolon,Chiroptera,Pteropodidae
Ornithorhynchus,Monotremata,Ornithorhynchidae
Papio,Primates,Cercopithecidae
Balaenoptera,Artiodactyla,Balaenopteridae
Oreonax,Primates,Atelidae
Spilogale,Carnivora,Mephitidae
Otocyon,Carnivora,Canidae
Pseudocheirus,Diprotodontia,Pseudocheiridae
Gulo,Carnivora,Mustelidae
Canis,Carnivora,Canidae
Phodopus,Rodentia,Cricetidae
Symphalangus,Primates,Hylobatidae
Rangifer,Artiodactyla,Cervidae
Cuniculus,Rodentia,Cuniculidae
Nycticebus,Primates,Lorisidae
Muntiacus,Artiodactyla,Cervidae
Felis,Carnivora,Felidae
Mephitis,Carnivora,Mephitidae
Mandrillus,Primates,Cercopithecidae
Scalopus,Eulipotyphla,Talpidae
Callospermophilus,Rodentia,Sciuridae
Cheirogaleus,Primates,Cheirogaleidae
Lepilemur,Primates,Lepilemuridae
Gymnobelideus,Diprotodontia,Petauridae
Mungos,Carnivora,Herpestidae
Pongo,Primates,Hominidae
Choeropsis,Artiodactyla,Hippopotamidae
Rhinoceros,Perissodactyla,Rhinocerotidae
Enhydra,Carnivora,Mustelidae
Alouatta,Primates,Atelidae
Erethizon,Rodentia,Erethizontidae
Poliocitellus,Rodentia,Sciuridae
Coendou,Rodentia,Erethizontidae
Ammotragus,Artiodactyla,Bovidae
Lagenorhynchus,Artiodactyla,Delphinidae
Glaucomys,Rodentia,Sciuridae
Viverra,Carnivora,Viverridae
Prionailurus,Carnivora,Felidae
Sorex,Eulipotyphla,Soricidae
Burramys,Diprotodontia,Burramyidae
Papio,Primates,Cercopithecidae
Cacajao,Primates,Pitheciidae
Potorous,Diprotodontia,Potoroidae
Tragelaphus,Artiodactyla,Bovidae
Potos,Carnivora,Procyonidae
Pusa,Carnivora,Phocidae
Canis,Carnivora,Canidae
Peromyscus,Rodentia,Cricetidae
Pteronura,Carnivora,Mustelidae
Bubalus,Artiodactyla,Bovidae
Dasyurus,Dasyuromorphia,Dasyuridae
Dactylopsila,Diprotodontia,Petauridae
Mesocricetus,Rodentia,Cricetidae
Alouatta,Primates,Atelidae
Rhinoceros,Perissodactyla,Rhinocerotidae
Pithecia,Primates,Pitheciidae
Orycteropus,Tubulidentata,Orycteropodidae
Ateles,Primates,Atelidae
Dromiciops,Microbiotheria,Microbiotheriidae
Zapus,Rodentia,Dipodidae
Leptonychotes,Carnivora,Phocidae
Hippopotamus,Artiodactyla,Hippopotamidae
Prolemur,Primates,Lemuridae
Stenella,Artiodactyla,Delphinidae
Prionailurus,Carnivora,Felidae
Tapirus,Perissodactyla,Tapiridae
Petrogale,Diprotodontia,Macropodidae
Canis,Carnivora,Canidae
Dicerorhinus,Perissodactyla,Rhinocerotidae
Odobenus,Carnivora,Odobenidae
Catopuma,Carnivora,Felidae
Equus,Perissodactyla,Equidae
Chinchilla,Rodentia,Chinchillidae
Histriophoca,Carnivora,Phocidae
Eudorcas,Artiodactyla,Bovidae
Cercopithecus,Primates,Cercopithecidae
Stenella,Artiodactyla,Delphinidae
Leontopithecus,Primates,Callitrichidae
Alouatta,Primates,Atelidae
Papio,Primates,Cercopithecidae
Dipodomys,Rodentia,Heteromyidae
Hystrix,Rodentia,Hystricidae
Castor,Rodentia,Castoridae
Macropus,Diprotodontia,Macropodidae
Dasyprocta,Rodentia,Dasyproctidae
Acrobates,Diprotodontia,Acrobatidae
Pagophilus,Carnivora,Phocidae
Hydrochoerus,Rodentia,Caviidae
Diceros,Perissodactyla,Rhinocerotidae
Trichechus,Sirenia,Trichechidae
Glaucomys,Rodentia,Sciuridae
Petaurus,Diprotodontia,Petauridae
Microcebus,Primates,Cheirogaleidae
Tarsius,Primates,Tarsiidae
Saimiri,Primates,Cebidae
Phascolarctos,Diprotodontia,Phascolarctidae
Ochotona,Lagomorpha,Ochotonidae
Eira,Carnivora,Mustelidae
Pteropus,Chiroptera,Pteropodidae
Dipodomys,Rodentia,Heteromyidae
Propithecus,Primates,Indriidae
Pardofelis,Carnivora,Felidae
Phocoena,Artiodactyla,Phocoenidae
Myrmecophaga,Pilosa,Myrmecophagidae
Neophoca,Carnivora,Otariidae
Hypsiprymnodon,Diprotodontia,Hypsiprymnodontidae
Potorous,Diprotodontia,Potoroidae
Reithrodontomys,Rodentia,Cricetidae
Macaca,Primates,Cercopithecidae
Phascogale,Dasyuromorphia,Dasyuridae
Eulemur,Primates,Lemuridae
Nyctereutes,Carnivora,Canidae
Stenella,Artiodactyla,Delphinidae
Orcaella,Artiodactyla,Delphinidae
Tamandua,Pilosa,Myrmecophagidae
Dasypus,Cingulata,Dasypodidae
Alces,Artiodactyla,Cervidae
Hydrictis,Carnivora,Mustelidae
Lasiorhinus,Diprotodontia,Vombatidae
Psammomys,Rodentia,Muridae
Arctocephalus,Carnivora,Otariidae
Phoca,Carnivora,Phocidae
Hystrix,Rodentia,Hystricidae
Paradoxurus,Carnivora,Viverridae
Lobodon,Carnivora,Phocidae
Delphinapterus,Artiodactyla,Monodontidae
Cercartetus,Diprotodontia,Burramyidae
Varecia,Primates,Lemuridae
Pteropus,Chiroptera,Pteropodidae
Bison,Artiodactyla,Bovidae
Petaurus,Diprotodontia,Petauridae
Dendrolagus,Diprotodontia,Macropodidae
Dendrolagus,Diprotodontia,Macropodidae
Rattus,Rodentia,Muridae
Pan,Primates,Hominidae
Tapirus,Perissodactyla,Tapiridae
Lagenorhynchus,Artiodactyla,Delphinidae
Theropithecus,Primates,Cercopithecidae
,Artiodactyla,Antilocapridae
Cricetus,Rodentia,Cricetidae
Marmota,Rodentia,Sciuridae
Macrotis,Peramelemorphia,Thylacomyidae
Nanger,Artiodactyla,Bovidae
Chlorocebus,Primates,Cercopithecidae
Macaca,Primates,Cercopithecidae
Gazella,Artiodactyla,Bovidae
Cercopithecus,Primates,Cercopithecidae
Parantechinus,Dasyuromorphia,Dasyuridae
Macaca,Primates,Cercopithecidae
Cebus,Primates,Cebidae
Petrogale,Diprotodontia,Macropodidae
Hylobates,Primates,Hylobatidae
Connochaetes,Artiodactyla,Bovidae
Vulpes,Carnivora,Canidae
Thylogale,Diprotodontia,Macropodidae
Zalophus,Carnivora,Otariidae
Mirounga,Carnivora,Phocidae
Eulemur,Primates,Lemuridae
Trachypithecus,Primates,Cercopithecidae
Otaria,Carnivora,Otariidae
Propithecus,Primates,Indriidae
Gorilla,Primates,Hominidae
Lagenorhynchus,Artiodactyla,Delphinidae
Viverricula,Carnivora,Viverridae
Ommatophoca,Carnivora,Phocidae
Eulemur,Primates,Lemuridae
Inia,Artiodactyla,Iniidae
Cebuella,Primates,Callitrichidae
Canis,Carnivora,Canidae
Halichoerus,Carnivora,Phocidae
Loxodonta,Proboscidea,Elephantidae
Tapirus,Perissodactyla,Tapiridae
Callithrix,Primates,Callitrichidae
Cynomys,Rodentia,Sciuridae
Eumetopias,Carnivora,Otariidae
Urocitellus,Rodentia,Sciuridae
Orcinus,Artiodactyla,Delphinidae
Isoodon,Peramelemorphia,Peramelidae
Nomascus,Primates,Hylobatidae
Aplodontia,Rodentia,Aplodontiidae
Kogia,Artiodactyla,Kogiidae
Petaurus,Diprotodontia,Petauridae
Neotamias,Rodentia,Sciuridae
Aepyceros,Artiodactyla,Bovidae
Macropus,Diprotodontia,Macropodidae
Arctocephalus,Carnivora,Otariidae
Lagenorhynchus,Artiodactyla,Delphinidae
Microtus,Rodentia,Cricetidae
Catagonus,Artiodactyla,Tayassuidae
Castor,Rodentia,Castoridae
Budorcas,Artiodactyla,Bovidae
Sotalia,Artiodactyla,Delphinidae
Lepus,Lagomorpha,Leporidae
Perameles,Peramelemorphia,Peramelidae
Stenella,Artiodactyla,Delphinidae
Colobus,Primates,Cercopithecidae
Petrogale,Diprotodontia,Macropodidae
Balaenoptera,Artiodactyla,Balaenopteridae
Sigmodon,Rodentia,Cricetidae
Eupetaurus,Rodentia,Sciuridae
Microtus,Rodentia,Cricetidae
Callorhinus,Carnivora,Otariidae
Indri,Primates,Indriidae
Tarsius,Primates,Tarsiidae
Delphinus,Artiodactyla,Delphinidae
Erignathus,Carnivora,Phocidae
Varecia,Primates,Lemuridae
Arctocephalus,Carnivora,Otariidae
Macaca,Primates,Cercopithecidae
Pseudorca,Artiodactyla,Delphinidae
Pusa,Carnivora,Phocidae
Propithecus,Primates,Indriidae
Arctocephalus,Carnivora,Otariidae
Xerospermophilus,Rodentia,Sciuridae
Dendrolagus,Diprotodontia,Macropodidae
Lutra,Carnivora,Mustelidae
Sapajus,Primates,Cebidae
Balaenoptera,Artiodactyla,Balaenopteridae
Microcebus,Primates,Cheirogaleidae
Bettongia,Diprotodontia,Potoroidae
Vombatus,Diprotodontia,Vombatidae
Ovis,Artiodactyla,Bovidae
Notoryctes,Notoryctemorphia,Notoryctidae
Thylogale,Diprotodontia,Macropodidae
Sciurus,Rodentia,Sciuridae
Megaptera,Artiodactyla,Balaenopteridae
Sminthopsis,Dasyuromorphia,Dasyuridae
Lagenorhynchus,Artiodactyla,Delphinidae
Erythrocebus,Primates,Cercopithecidae
Octodon,Rodentia,Octodontidae
Hyperoodon,Artiodactyla,Ziphiidae
Bubalus,Artiodactyla,Bovidae
Berardius,Artiodactyla,Ziphiidae
Cercartetus,Diprotodontia,Burramyidae
Loris,Primates,Lorisidae
Propithecus,Primates,Indriidae
Ateles,Primates,Atelidae
Eubalaena,Artiodactyla,Balaenidae
Cynomys,Rodentia,Sciuridae
Cystophora,Carnivora,Phocidae
Vormela,Carnivora,Mustelidae
Loris,Primates,Lorisidae
Bubalus,Artiodactyla,Bovidae
Pteropus,Chiroptera,Pteropodidae
Gazella,Artiodactyla,Bovidae
Phacochoerus,Artiodactyla,Suidae
Bos,Artiodactyla,Bovidae
Perodicticus,Primates,Lorisidae
Ovis,Artiodactyla,Bovidae
Pecari,Artiodactyla,Tayassuidae
Vulpes,Carnivora,Canidae
Gazella,Artiodactyla,Bovidae
Trichechus,Sirenia,Trichechidae
Xerus,Rodentia,Sciuridae
Suncus,Eulipotyphla,Soricidae
Apodemus,Rodentia,Muridae
Cercocebus,Primates,Cercopithecidae
Otospermophilus,Rodentia,Sciuridae
Glironia,Didelphimorphia,Didelphidae
Xerus,Rodentia,Sciuridae
Onychogalea,Diprotodontia,Macropodidae
Potamochoerus,Artiodactyla,Suidae
Trachypithecus,Primates,Cercopithecidae
Chaetophractus,Cingulata,Chlamyphoridae
Lagostrophus,Diprotodontia,Macropodidae
Melursus,Carnivora,Ursidae
Urocitellus,Rodentia,Sciuridae
Martes,Carnivora,Mustelidae
Eubalaena,Artiodactyla,Balaenidae
Vulpes,Carnivora,Canidae
Sus,Artiodactyla,Suidae
Pseudomys,Rodentia,Muridae
Tragelaphus,Artiodactyla,Bovidae
Eulemur,Primates,Lemuridae
Balaenoptera,Artiodactyla,Balaenopteridae
Mico,Primates,Callitrichidae
Physeter,Artiodactyla,Physeteridae
Blastocerus,Artiodactyla,Cervidae
Urocyon,Carnivora,Canidae
Balaenoptera,Artiodactyla,Balaenopteridae
Rusa,Artiodactyla,Cervidae
Muscardinus,Rodentia,Gliridae
Caperea,Artiodactyla,Cetotheriidae
Globicephala,Artiodactyla,Delphinidae
Eubalaena,Artiodactyla,Balaenidae
Trachypithecus,Primates,Cercopithecidae
Napaeozapus,Rodentia,Dipodidae
Lepus,Lagomorpha,Leporidae
Sciurus,Rodentia,Sciuridae
Rattus,Rodentia,Muridae
Blarina,Eulipotyphla,Soricidae
Steno,Artiodactyla,Delphinidae
Micromys,Rodentia,Muridae
Zalophus,Carnivora,Otariidae
Tolypeutes,Cingulata,Chlamyphoridae
Dendrolagus,Diprotodontia,Macropodidae
Marmota,Rodentia,Sciuridae
Talpa,Eulipotyphla,Talpidae
Glis,Rodentia,Gliridae
Colobus,Primates,Cercopithecidae
Lepus,Lagomorpha,Leporidae
Mandrillus,Primates,Cercopithecidae
Grampus,Artiodactyla,Delphinidae
Lagenorhynchus,Artiodactyla,Delphinidae
Miopithecus,Primates,Cercopithecidae
Petauroides,Diprotodontia,Pseudocheiridae
Choloepus,Pilosa,Megalonychidae
Phocoena,Artiodactyla,Phocoenidae
Macropus,Diprotodontia,Macropodidae
Bos,Artiodactyla,Bovidae
Peromyscus,Rodentia,Cricetidae
Pygathrix,Primates,Cercopithecidae
Lycaon,Carnivora,Canidae
Tursiops,Artiodactyla,Delphinidae
Petaurista,Rodentia,Sciuridae
Tenrec,Afrosoricida,Tenrecidae
Neotamias,Rodentia,Sciuridae
Cyclopes,Pilosa,Cyclopedidae
Muntiacus,Artiodactyla,Cervidae
Connochaetes,Artiodactyla,Bovidae
Elaphurus,Artiodactyla,Cervidae
Bison,Artiodactyla,Bovidae
Phocoenoides,Artiodactyla,Phocoenidae
Balaena,Artiodactyla,Balaenidae
Nasua,Carnivora,Procyonidae
Ceratotherium,Perissodactyla,Rhinocerotidae
Potamochoerus,Artiodactyla,Suidae
Notomys,Rodentia,Muridae
Hyperoodon,Artiodactyla,Ziphiidae
Lycalopex,Carnivora,Canidae
Macropus,Diprotodontia,Macropodidae
Tragelaphus,Artiodactyla,Bovidae
Eschrichtius,Artiodactyla,Eschrichtiidae
Xerospermophilus,Rodentia,Sciuridae
,Artiodactyla,Delphinidae
Phodopus,Rodentia,Cricetidae
Mesoplodon,Artiodactyla,Ziphiidae
Gazella,Artiodactyla,Bovidae
Procyon,Carnivora,Procyonidae
Pteropus,Chiroptera,Pteropodidae
Eulemur,Primates,Lemuridae
Ateles,Primates,Atelidae
Lagidium,Rodentia,Chinchillidae
Cricetomys,Rodentia,Nesomyidae
Vulpes,Carnivora,Canidae
Ziphius,Artiodactyla,Ziphiidae
Cercopithecus,Primates,Cercopithecidae
Phacochoerus,Artiodactyla,Suidae
Lycalopex,Carnivora,Canidae
Tupaia,Scandentia,Tupaiidae
Prionailurus,Carnivora,Felidae
Saguinus,Primates,Callitrichidae
Marmota,Rodentia,Sciuridae
Viverra,Carnivora,Viverridae
Hylochoerus,Artiodactyla,Suidae
Atilax,Carnivora,Herpestidae
Ammospermophilus,Rodentia,Sciuridae
Galerella,Carnivora,Herpestidae
Tamandua,Pilosa,Myrmecophagidae
Pteropus,Chiroptera,Pteropodidae
Paguma,Carnivora,Viverridae
Leontopithecus,Primates,Callitrichidae
Capricornis,Artiodactyla,Bovidae
Mustela,Carnivora,Mustelidae
Capra,Artiodactyla,Bovidae
Ondatra,Rodentia,Cricetidae
Manis,Pholidota,Manidae
Ammospermophilus,Rodentia,Sciuridae
Acomys,Rodentia,Muridae
Taurotragus,Artiodactyla,Bovidae
Mustela,Carnivora,Mustelidae
Martes,Carnivora,Mustelidae
Macaca,Primates,Cercopithecidae
Rattus,Rodentia,Muridae
Chinchilla,Rodentia,Chinchillidae
Dasyurus,Dasyuromorphia,Dasyuridae
Canis,Carnivora,Canidae
Ratufa,Rodentia,Sciuridae
Ozotoceros,Artiodactyla,Cervidae
Urocitellus,Rodentia,Sciuridae
Sciurus,Rodentia,Sciuridae
Semnopithecus,Primates,Cercopithecidae
Cercopithecus,Primates,Cercopithecidae
Philander,Didelphimorphia,Didelphidae
Beatragus,Artiodactyla,Bovidae
Marmota,Rodentia,Sciuridae
Oryx,Artiodactyla,Bovidae
Sapajus,Primates,Cebidae
Tragelaphus,Artiodactyla,Bovidae
Zaglossus,Monotremata,Tachyglossidae
Oryx,Artiodactyla,Bovidae
"	Neotoma",Rodentia,Cricetidae
Solenodon,Eulipotyphla,Solenodontidae
Lepus,Lagomorpha,Leporidae
Mesoplodon,Artiodactyla,Ziphiidae
Otospermophilus,Rodentia,Sciuridae
Tachyoryctes,Rodentia,Spalacidae
Thomomys,Rodentia,Geomyidae
Delphinus,Artiodactyla,Delphinidae
Capra,Artiodactyla,Bovidae
Procyon,Carnivora,Procyonidae
Spermophilus,Rodentia,Sciuridae
Peromyscus,Rodentia,Cricetidae
Helarctos,Carnivora,Ursidae
Gazella,Artiodactyla,Bovidae
Lepus,Lagomorpha,Leporidae
Cavia,Rodentia,Caviidae
Sciurus,Rodentia,Sciuridae
Podomys,Rodentia,Cricetidae
Dama,Artiodactyla,Cervidae
Madoqua,Artiodactyla,Bovidae
Sylvilagus,Lagomorpha,Leporidae
Hystrix,Rodentia,Hystricidae
Macroglossus,Chiroptera,Pteropodidae
Gazella,Artiodactyla,Bovidae
Mustela,Carnivora,Mustelidae
Cavia,Rodentia,Caviidae
,Primates,Tarsiidae
Ratufa,Rodentia,Sciuridae
Apodemus,Rodentia,Muridae
Cynomys,Rodentia,Sciuridae
Cercopithecus,Primates,Cercopithecidae
Neotamias,Rodentia,Sciuridae
Galidia,Carnivora,Eupleridae
Dipodomys,Rodentia,Heteromyidae
Pteropus,Chiroptera,Pteropodidae
Kobus,Artiodactyla,Bovidae
Lontra,Carnivora,Mustelidae
Cercopithecus,Primates,Cercopithecidae
Alcelaphus,Artiodactyla,Bovidae
Trachypithecus,Primates,Cercopithecidae
Saimiri,Primates,Cebidae
Macaca,Primates,Cercopithecidae
Callithrix,Primates,Callitrichidae
Alouatta,Primates,Atelidae
Ourebia,Artiodactyla,Bovidae
Cynomys,Rodentia,Sciuridae
Neotamias,Rodentia,Sciuridae
Tetracerus,Artiodactyla,Bovidae
Cercopithecus,Primates,Cercopithecidae
Tremarctos,Carnivora,Ursidae
Propithecus,Primates,Indriidae
Equus,Perissodactyla,Equidae
Galemys,Eulipotyphla,Talpidae
Eulemur,Primates,Lemuridae
Hippocamelus,Artiodactyla,Cervidae
Dasyprocta,Rodentia,Dasyproctidae
Semnopithecus,Primates,Cercopithecidae
Damaliscus,Artiodactyla,Bovidae
Epomophorus,Chiroptera,Pteropodidae
Naemorhedus,Artiodactyla,Bovidae
Avahi,Primates,Indriidae
Neotamias,Rodentia,Sciuridae
Hylobates,Primates,Hylobatidae
Callithrix,Primates,Callitrichidae
Kobus,Artiodactyla,Bovidae
Balaenoptera,Artiodactyla,Balaenopteridae
Mesoplodon,Artiodactyla,Ziphiidae
Arvicola,Rodentia,Cricetidae
Ochotona,Lagomorpha,Ochotonidae
Tayassu,Artiodactyla,Tayassuidae
Meriones,Rodentia,Muridae
Saguinus,Primates,Callitrichidae
Allenopithecus,Primates,Cercopithecidae
Neotragus,Artiodactyla,Bovidae
Brachyteles,Primates,Atelidae
Saguinus,Primates,Callitrichidae
Scapanus,Eulipotyphla,Talpidae
Sapajus,Primates,Cebidae
Neotamias,Rodentia,Sciuridae
Ammospermophilus,Rodentia,Sciuridae
Neotamias,Rodentia,Sciuridae
Morelia,Squamata,Pythonidae
Bos,Artiodactyla,Bovidae
Pteropus,Chiroptera,Pteropodidae
Pseudomys,Rodentia,Muridae
Lycalopex,Carnivora,Canidae
Helogale,Carnivora,Herpestidae
Pelea,Artiodactyla,Bovidae
Fossa,Carnivora,Eupleridae
Thylogale,Diprotodontia,Macropodidae
Cricetulus,Rodentia,Cricetidae
Neotamias,Rodentia,Sciuridae
Redunca,Artiodactyla,Bovidae
Macaca,Primates,Cercopithecidae
Aotus,Primates,Aotidae
Antechinus,Dasyuromorphia,Dasyuridae
Graphiurus,Rodentia,Gliridae
Dasyprocta,Rodentia,Dasyproctidae
Eulemur,Primates,Lemuridae
Kerodon,Rodentia,Caviidae
Colobus,Primates,Cercopithecidae
Pseudomys,Rodentia,Muridae
Pekania,Carnivora,Mustelidae
Raphicerus,Artiodactyla,Bovidae
Bubalus,Artiodactyla,Bovidae
Antechinus,Dasyuromorphia,Dasyuridae
Pseudois,Artiodactyla,Bovidae
Cephalorhynchus,Artiodactyla,Delphinidae
Globicephala,Artiodactyla,Delphinidae
Rhombomys,Rodentia,Muridae
Gopherus,Testudines,Testudinidae
Geochelone,Testudines,Testudinidae
Corallus,Squamata,Boidae
Amblyrhynchus,Squamata,Iguanidae
Crocodylus,Crocodilia,Crocodylidae
Testudo,Testudines,Testudinidae
Crocodylus,Crocodilia,Crocodylidae
Chlamydosaurus,Squamata,Agamidae
Centrochelys,Testudines,Testudinidae
Chelonia,Testudines,Cheloniidae
Testudo,Testudines,Testudinidae
Crocodylus,Crocodilia,Crocodylidae
Melanosuchus,Crocodilia,Alligatoridae
Chelodina,Testudines,Chelidae
Gopherus,Testudines,Testudinidae
Crocodylus,Crocodilia,Crocodylidae
Pogona,Squamata,Agamidae
Agrionemys,Testudines,Testudinidae
Testudo,Testudines,Testudinidae
Crocodylus,Crocodilia,Crocodylidae
Stigmochelys,Testudines,Testudinidae
Chelonoidis,Testudines,Testudinidae
Gavialis,Crocodilia,Gavialidae
Astrochelys,Testudines,Testudinidae
Crocodylus,Crocodilia,Crocodylidae
Eretmochelys,Testudines,Cheloniidae
Alligator,Crocodilia,Alligatoridae
Chelonoidis,Testudines,Testudinidae
Aldabrachelys,Testudines,Testudinidae
Boinae,Squamata,Boidae
Osteolaemus,Crocodilia,Crocodylidae
Crocodylus,Crocodilia,Crocodylidae
Moloch,Squamata,Agamidae
Caiman,Crocodilia,Alligatoridae
Crocodylus,Crocodilia,Crocodylidae
Malacochersus,Testudines,Testudinidae
Alligator,Crocodilia,Alligatoridae
Oxyuranus,Squamata,Elapidae
Crocodylus,Crocodilia,Crocodylidae
Crocodylus,Crocodilia,Crocodylidae
Caiman,Crocodilia,Alligatoridae
Gopherus,Testudines,Testudinidae
Geochelone,Testudines,Testudinidae
Corallus,Squamata,Boidae
Amblyrhynchus,Squamata,Iguanidae
Crocodylus,Crocodilia,Crocodylidae
Testudo,Testudines,Testudinidae
Crocodylus,Crocodilia,Crocodylidae
Chlamydosaurus,Squamata,Agamidae
Centrochelys,Testudines,Testudinidae
Chelonia,Testudines,Cheloniidae
Testudo,Testudines,Testudinidae
Crocodylus,Crocodilia,Crocodylidae
Melanosuchus,Crocodilia,Alligatoridae
Chelodina,Testudines,Chelidae
Gopherus,Testudines,Testudinidae
Crocodylus,Crocodilia,Crocodylidae
Pogona,Squamata,Agamidae
Agrionemys,Testudines,Testudinidae
Testudo,Testudines,Testudinidae
Crocodylus,Crocodilia,Crocodylidae
Stigmochelys,Testudines,Testudinidae
Chelonoidis,Testudines,Testudinidae
Gavialis,Crocodilia,Gavialidae
Astrochelys,Testudines,Testudinidae
Crocodylus,Crocodilia,Crocodylidae
Eretmochelys,Testudines,Cheloniidae
Alligator,Crocodilia,Alligatoridae
Chelonoidis,Testudines,Testudinidae
Aldabrachelys,Testudines,Testudinidae
Boinae,Squamata,Boidae
Osteolaemus,Crocodilia,Crocodylidae
Crocodylus,Crocodilia,Crocodylidae
Moloch,Squamata,Agamidae
Caiman,Crocodilia,Alligatoridae
Crocodylus,Crocodilia,Crocodylidae
Malacochersus,Testudines,Testudinidae
Alligator,Crocodilia,Alligatoridae
Oxyuranus,Squamata,Elapidae
Crocodylus,Crocodilia,Crocodylidae
Crocodylus,Crocodilia,Crocodylidae
Caiman,Crocodilia,Alligatoridae
Tomistoma,Crocodilia,Gavialidae
Naja,Squamata,Elapidae
Eublepharis,Squamata,Eublepharidae
Bothriechis,Squamata,Viperidae
Furcifer,Squamata,Chamaeleonidae
Iguana,Squamata,Iguanidae
Anolis,Squamata,Dactyloidae
Dendroaspis,Squamata,Elapidae
Trimeresurus,Squamata,Viperidae
Physignathus,Squamata,Agamidae
Ouroborus,Squamata,Cordylidae
Varanus,Squamata,Varanidae
Hemidactylus,Squamata,Gekkonidae
Varanus,Squamata,Varanidae
Dendroaspis,Squamata,Elapidae
Python,Squamata,Pythonidae
Chelydra,Testudines,Chelydridae
Agama,Squamata,Agamidae
Sceloporus,Squamata,Phrynosomatidae
Hemidactylus,Squamata,Gekkonidae
Ophiophagus,Squamata,Elapidae
Bothrops,Squamata,Viperidae
Agkistrodon,Squamata,Viperidae
Pseudemys,Testudines,Emydidae
Malaclemys,Testudines,Emydidae
Gopherus,Testudines,Testudinidae
Cerastes,Squamata,Viperidae
Correlophus,Squamata,Diplodactylidae
Chamaeleo,Squamata,Chamaeleonidae
Tiliqua,Squamata,Scincidae
Epicrates,Squamata,Boidae
Intellagama,Squamata,Agamidae
Eunectes,Squamata,Boidae
Daboia,Squamata,Viperidae
Pseudonaja,Squamata,Elapidae
Pantherophis,Squamata,Colubridae
Bitis,Squamata,Viperidae
Bungarus,Squamata,Elapidae
Indotyphlops,Squamata,Typhlopidae
Vipera,Squamata,Viperidae
Nerodia,Squamata,Colubridae
Python,Squamata,Pythonidae
Ahaetulla,Squamata,Colubridae
Glyptemys,Testudines,Emydidae
Actinemys,Testudines,Emydidae
Corallus,Squamata,Boidae
Charina,Squamata,Boidae
Opheodrys,Squamata,Colubridae
Echis,Squamata,Viperidae
Heloderma,Squamata,Helodermatidae
Boa,Squamata,Boidae
Python,Squamata,Pythonidae
Trachemys,Testudines,Emydidae
Varanus,Squamata,Varanidae
Python,Squamata,Pythonidae
Paleosuchus,Crocodilia,Alligatoridae
Sceloporus,Squamata,Phrynosomatidae
Macrochelys,Testudines,Chelydridae
Phrynosoma,Squamata,Phrynosomatidae
Chrysemys,Testudines,Emydidae
Charina,Squamata,Boidae
Pseudechis,Squamata,Elapidae
Crotalus,Squamata,Viperidae
Bungarus,Squamata,Elapidae
Gekko,Squamata,Gekkonidae
Varanus,Squamata,Varanidae
Salvator,Squamata,Teiidae
Hemachatus,Squamata,Elapidae
Crotalus,Squamata,Viperidae
Pantherophis,Squamata,Colubridae
Crotalus,Squamata,Viperidae
Varanus,Squamata,Varanidae
Crotalus,Squamata,Viperidae
Vipera,Squamata,Viperidae
Basiliscus,Squamata,Corytophanidae
Plestiodon,Squamata,Scincidae
Crotalus,Squamata,Viperidae
Acanthophis,Squamata,Elapidae
Notechis,Squamata,Elapidae
Anolis,Squamata,Dactyloidae
Chelus,Testudines,Chelidae
Elgaria,Squamata,Anguidae
Terrapene,Testudines,Emydidae
Nerodia,Squamata,Colubridae
Agkistrodon,Squamata,Viperidae
Hydrophis,Squamata,Elapidae
Naja,Squamata,Elapidae
Vipera,Squamata,Viperidae
Varanus,Squamata,Varanidae
Malayopython,Squamata,Pythonidae
Morelia,Squamata,Pythonidae
Heterodon,Squamata,Colubridae
Gloydius,Squamata,Viperidae
Lampropeltis,Squamata,Colubridae
Crotalus,Squamata,Viperidae
Drymarchon,Squamata,Colubridae
Apalone,Testudines,Trionychidae
Lampropeltis,Squamata,Colubridae
Pseudemys,Testudines,Emydidae
Naja,Squamata,Elapidae
Dispholidus,Squamata,Colubridae
Thamnophis,Squamata,Colubridae
Pseudechis,Squamata,Elapidae
Trioceros,Squamata,Chamaeleonidae
Boiga,Squamata,Colubridae
Coluber,Squamata,Colubridae
Lampropeltis,Squamata,Colubridae
Thamnophis,Squamata,Colubridae
Ptyas,Squamata,Colubridae
Heloderma,Squamata,Helodermatidae
Laticauda,Squamata,Elapidae
Apalone,Testudines,Trionychidae
Zootoca,Squamata,Lacertidae
Bitis,Squamata,Viperidae
Opheodrys,Squamata,Colubridae
Coluber,Squamata,Colubridae
Nerodia,Squamata,Colubridae
Anolis,Squamata,Dactyloidae
Natrix,Squamata,Colubridae
Boiga,Squamata,Colubridae
Zamenis,Squamata,Colubridae
Anguis,Squamata,Anguidae
Lampropeltis,Squamata,Colubridae
Eolophus,Psittaciformes,Cacatuidae
Antigone,Gruiformes,Gruidae
Cyanopsitta,Psittaciformes,Psittacidae
Corvus,Passeriformes,Corvidae
Gyps,Accipitriformes,Accipitridae
Alopochen,Anseriformes,Anatidae
Leucogeranus,Gruiformes,Gruidae
Turdus,Passeriformes,Turdidae
Grus,Gruiformes,Gruidae
Pinguinus,Charadriiformes,Alcidae
Ara,Psittaciformes,Psittacidae
Spilopelia,Columbiformes,Columbidae
Aptenodytes,Sphenisciformes,Spheniscidae
Haliaeetus,Accipitriformes,Accipitridae
Cacatua,Psittaciformes,Cacatuidae
Cacatua,Psittaciformes,Cacatuidae
Sialia,Passeriformes,Turdidae
Eudyptula,Sphenisciformes,Spheniscidae
Corvus,Passeriformes,Corvidae
Paroaria,Passeriformes,Thraupidae
Anodorhynchus,Psittaciformes,Psittacidae
Ara,Psittaciformes,Psittacidae
Nymphicus,Psittaciformes,Cacatuidae
Ardea,Pelecaniformes,Ardeidae
Callocephalon,Psittaciformes,Cacatuidae
Gyps,Accipitriformes,Accipitridae
Sialia,Passeriformes,Turdidae
Cygnus,Anseriformes,Anatidae
Buteo,Accipitriformes,Accipitridae
Alcedo,Coraciiformes,Alcedinidae
Aquila,Accipitriformes,Accipitridae
Lophochroa,Psittaciformes,Cacatuidae
Phoenicopterus,Phoenicopteriformes,Phoenicopteridae
Balearica,Gruiformes,Gruidae
Phoenicoparrus,Phoenicopteriformes,Phoenicopteridae
Grus,Gruiformes,Gruidae
Ceyx,Coraciiformes,Alcedinidae
Buteo,Accipitriformes,Accipitridae
Diphyllodes,Passeriformes,Paradisaeidae
Diomedea,Procellariiformes,Diomedeidae
Megaceryle,Coraciiformes,Alcedinidae
Eolophus,Psittaciformes,Cacatuidae
Antigone,Gruiformes,Gruidae
Cyanopsitta,Psittaciformes,Psittacidae
Corvus,Passeriformes,Corvidae
Gyps,Accipitriformes,Accipitridae
Alopochen,Anseriformes,Anatidae
Leucogeranus,Gruiformes,Gruidae
Turdus,Passeriformes,Turdidae
Grus,Gruiformes,Gruidae
Pinguinus,Charadriiformes,Alcidae
Ara,Psittaciformes,Psittacidae
Spilopelia,Columbiformes,Columbidae
Aptenodytes,Sphenisciformes,Spheniscidae
Haliaeetus,Accipitriformes,Accipitridae
Cacatua,Psittaciformes,Cacatuidae
Cacatua,Psittaciformes,Cacatuidae
Sialia,Passeriformes,Turdidae
Eudyptula,Sphenisciformes,Spheniscidae
Corvus,Passeriformes,Corvidae
Paroaria,Passeriformes,Thraupidae
Anodorhynchus,Psittaciformes,Psittacidae
Ara,Psittaciformes,Psittacidae
Nymphicus,Psittaciformes,Cacatuidae
Ardea,Pelecaniformes,Ardeidae
Callocephalon,Psittaciformes,Cacatuidae
Gyps,Accipitriformes,Accipitridae
Sialia,Passeriformes,Turdidae
Cygnus,Anseriformes,Anatidae
Buteo,Accipitriformes,Accipitridae
Alcedo,Coraciiformes,Alcedinidae
Aquila,Accipitriformes,Accipitridae
Lophochroa,Psittaciformes,Cacatuidae
Phoenicopterus,Phoenicopteriformes,Phoenicopteridae
Balearica,Gruiformes,Gruidae
Phoenicoparrus,Phoenicopteriformes,Phoenicopteridae
Grus,Gruiformes,Gruidae
Ceyx,Coraciiformes,Alcedinidae
Buteo,Accipitriformes,Accipitridae
Diphyllodes,Passeriformes,Paradisaeidae
Diomedea,Procellariiformes,Diomedeidae
Megaceryle,Coraciiformes,Alcedinidae
Probosciger,Psittaciformes,Cacatuidae
Aix,Anseriformes,Anatidae
Geopelia,Columbiformes,Columbidae
Torgos,Accipitriformes,Accipitridae
Amazona,Psittaciformes,Psittacidae
Aix,Anseriformes,Anatidae
Gyps,Accipitriformes,Accipitridae
Paradisaea,Passeriformes,Paradisaeidae
Gygis,Charadriiformes,Laridae
Cygnus,Anseriformes,Anatidae
Merops,Coraciiformes,Meropidae
Columba,Columbiformes,Columbidae
Gyps,Accipitriformes,Accipitridae
Phoenicopterus,Phoenicopteriformes,Phoenicopteridae
Sarcoramphus,Accipitriformes,Cathartidae
Ardeotis,Otidiformes,Otididae
Phoenicopterus,Phoenicopteriformes,Phoenicopteridae
Cacatua,Psittaciformes,Cacatuidae
Grus,Gruiformes,Gruidae
Corythornis,Coraciiformes,Alcedinidae
Ardea,Pelecaniformes,Ardeidae
Phoenicoparrus,Phoenicopteriformes,Phoenicopteridae
Calyptorhynchus,Psittaciformes,Cacatuidae
Ardea,Pelecaniformes,Ardeidae
Balearica,Gruiformes,Gruidae
Amazona,Psittaciformes,Psittacidae
Gallicolumba,Columbiformes,Columbidae
Cicinnurus,Passeriformes,Paradisaeidae
Dromaius,Casuariiformes,Casuariidae
Neophron,Accipitriformes,Accipitridae
Sterna,Charadriiformes,Laridae
Sternula,Charadriiformes,Laridae
Zenaida,Columbiformes,Columbidae
Anodorhynchus,Psittaciformes,Psittacidae
Passerina,Passeriformes,Cardinalidae
Pelecanus,Pelecaniformes,Pelecanidae
Amazona,Psittaciformes,Psittacidae
Dumetella,Passeriformes,Mimidae
Cygnus,Anseriformes,Anatidae
Pelecanus,Pelecaniformes,Pelecanidae
Ceryle,Coraciiformes,Alcedinidae
Cardinalis,Passeriformes,Cardinalidae
Antigone,Gruiformes,Gruidae
Necrosyrtes,Accipitriformes,Accipitridae
Cygnus,Anseriformes,Anatidae
Ara,Psittaciformes,Psittacidae
Bubulcus,Pelecaniformes,Ardeidae
Gymnogyps,Accipitriformes,Cathartidae
Coragyps,Accipitriformes,Cathartidae
Caracara,Falconiformes,Falconidae
Sialia,Passeriformes,Turdidae
Grus,Gruiformes,Gruidae
Ara,Psittaciformes,Psittacidae
Casuarius,Casuariiformes,Casuariidae
Bubo,Strigiformes,Strigidae
Regulus,Passeriformes,Regulidae
Megaceryle,Coraciiformes,Alcedinidae
Antigone,Gruiformes,Gruidae
Spheniscus,Sphenisciformes,Spheniscidae
Ciconia,Ciconiiformes,Ciconiidae
Ptilonorhynchus,Passeriformes,Ptilonorhynchidae
Anser,Anseriformes,Anatidae
Phoenicoparrus,Phoenicopteriformes,Phoenicopteridae
Eudyptes,Sphenisciformes,Spheniscidae
Pelecanus,Pelecaniformes,Pelecanidae
Branta,Anseriformes,Anatidae
Ptilinopus,Columbiformes,Columbidae
Amazona,Psittaciformes,Psittacidae
Calyptorhynchus,Psittaciformes,Cacatuidae
Asarcornis,Anseriformes,Anatidae
Cereopsis,Anseriformes,Anatidae
Otis,Otidiformes,Otididae
Icteria,Passeriformes,Icteridae
Anhinga,Suliformes,Anhingidae
Cacatua,Psittaciformes,Cacatuidae
Phalacrocorax,Suliformes,Phalacrocoracidae
Phalacrocorax,Suliformes,Phalacrocoracidae
Streptopelia,Columbiformes,Columbidae
Cygnus,Anseriformes,Anatidae
Larosterna,Charadriiformes,Laridae
Nycticorax,Pelecaniformes,Ardeidae
Todiramphus,Coraciiformes,Alcedinidae
Plectrophenax,Passeriformes,Calcariidae
Butorides,Pelecaniformes,Ardeidae
Amazona,Psittaciformes,Psittacidae
Calamospiza,Passeriformes,Emberizidae
Egretta,Pelecaniformes,Ardeidae
Branta,Anseriformes,Anatidae
Fulica,Gruiformes,Rallidae
Buteo,Accipitriformes,Accipitridae
Cygnus,Anseriformes,Anatidae
Poecile,Passeriformes,Paridae
Egretta,Pelecaniformes,Ardeidae
Hymenolaimus,Anseriformes,Anatidae
Spheniscus,Sphenisciformes,Spheniscidae
Loxia,Passeriformes,Fringillidae
Ciconia,Ciconiiformes,Ciconiidae
Chordeiles,Caprimulgiformes,Caprimulgidae
Eudyptes,Sphenisciformes,Spheniscidae
Botaurus,Pelecaniformes,Ardeidae
Coccyzus,Cuculiformes,Cuculidae
Pelecanus,Pelecaniformes,Pelecanidae
Amazona,Psittaciformes,Psittacidae
Struthio,Struthioniformes,Struthionidae
Eudyptes,Sphenisciformes,Spheniscidae
Dolichonyx,Passeriformes,Icteridae
Cathartes,Accipitriformes,Cathartidae
Phalacrocorax,Suliformes,Phalacrocoracidae
Grus,Gruiformes,Gruidae
Amaurornis,Gruiformes,Rallidae
Pygoscelis,Sphenisciformes,Spheniscidae
Megadyptes,Sphenisciformes,Spheniscidae
Antigone,Gruiformes,Gruidae
Phoebastria,Procellariiformes,Diomedeidae
Spheniscus,Sphenisciformes,Spheniscidae
Eudyptes,Sphenisciformes,Spheniscidae
Spheniscus,Sphenisciformes,Spheniscidae
Sternula,Charadriiformes,Laridae
Calyptomena,Passeriformes,Eurylaimidae
Sterna,Charadriiformes,Laridae
Aptenodytes,Sphenisciformes,Spheniscidae
Phoebastria,Procellariiformes,Diomedeidae
Thalassarche,Procellariiformes,Diomedeidae
Eudyptes,Sphenisciformes,Spheniscidae
Xanthocephalus,Passeriformes,Icteridae
Pelecanus,Pelecaniformes,Pelecanidae
Nyctanassa,Pelecaniformes,Ardeidae
Egretta,Pelecaniformes,Ardeidae
Onychoprion,Charadriiformes,Laridae
Thalasseus,Charadriiformes,Laridae
Pygoscelis,Sphenisciformes,Spheniscidae
Pygoscelis,Sphenisciformes,Spheniscidae
Anser,Anseriformes,Anatidae
Columbina,Columbiformes,Columbidae
Certhia,Passeriformes,Certhiidae
Sterna,Charadriiformes,Laridae
Ixobrychus,Pelecaniformes,Ardeidae
Phoebastria,Procellariiformes,Diomedeidae
Callipepla,Galliformes,Odontophoridae
Burhinus,Charadriiformes,Burhinidae
Numenius,Charadriiformes,Scolopacidae
Eudyptes,Sphenisciformes,Spheniscidae
Recurvirostra,Charadriiformes,Recurvirostridae
Spinus,Passeriformes,Fringillidae
Chlidonias,Charadriiformes,Laridae
Centrocercus,Galliformes,Phasianidae
Agelaius,Passeriformes,Icteridae
Anas,Anseriformes,Anatidae
Corvus,Passeriformes,Corvidae
Oreoica,Passeriformes,Oreoicidae
Molothrus,Passeriformes,Icteridae
Colinus,Galliformes,Odontophoridae
Phalacrocorax,Suliformes,Phalacrocoracidae
Centrocercus,Galliformes,Phasianidae
Bubo,Strigiformes,Strigidae
Haliaeetus,Accipitriformes,Accipitridae
Falco,Falconiformes,Falconidae
Harpia,Accipitriformes,Accipitridae
Polemaetus,Accipitriformes,Accipitridae
Aquila,Accipitriformes,Accipitridae
Bubo,Strigiformes,Strigidae
Pithecophaga,Accipitriformes,Accipitridae
Haliaeetus,Accipitriformes,Accipitridae
Falco,Falconiformes,Falconidae
Haliaeetus,Accipitriformes,Accipitridae
Stephanoaetus,Accipitriformes,Accipitridae
Malurus,Passeriformes,Maluridae
Spinus,Passeriformes,Fringillidae
Carduelis,Passeriformes,Fringillidae
Falco,Falconiformes,Falconidae
Egretta,Pelecaniformes,Ardeidae
Falco,Falconiformes,Falconidae
Falco,Falconiformes,Falconidae
Erythrura,Passeriformes,Estrildidae
Egretta,Pelecaniformes,Ardeidae
Fregata,Suliformes,Fregatidae
Porphyrio,Gruiformes,Rallidae
Anas,Anseriformes,Anatidae
Numida,Galliformes,Numididae
Fulmarus,Procellariiformes,Procellariidae
Anas,Anseriformes,Anatidae
Branta,Anseriformes,Anatidae
Anser,Anseriformes,Anatidae
Falco,Falconiformes,Falconidae
Falco,Falconiformes,Falconidae
Falco,Falconiformes,Falconidae
Anas,Anseriformes,Anatidae
Podargus,Caprimulgiformes,Podargidae
Terathopius,Accipitriformes,Accipitridae
Chroicocephalus,Charadriiformes,Laridae
Quiscalus,Passeriformes,Icteridae
Anser,Anseriformes,Anatidae
Tachybaptus,Podicipediformes,Podicipedidae
Morus,Suliformes,Sulidae
Somateria,Anseriformes,Anatidae
Malurus,Passeriformes,Maluridae
Limosa,Charadriiformes,Scolopacidae
Podiceps,Podicipediformes,Podicipedidae
Aythya,Anseriformes,Anatidae
Buceros,Bucerotiformes,Bucerotidae
Pagophila,Charadriiformes,Laridae
Mellisuga,Apodiformes,Trochilidae
Oxyura,Anseriformes,Anatidae
Pheucticus,Passeriformes,Cardinalidae
Falco,Falconiformes,Falconidae
Colaptes,Piciformes,Picidae
Leucophaeus,Charadriiformes,Laridae
Clangula,Anseriformes,Anatidae
Anser,Anseriformes,Anatidae
Threskiornis,Pelecaniformes,Threskiornithidae
Buteogallus,Accipitriformes,Accipitridae
Larus,Charadriiformes,Laridae
Calypte,Apodiformes,Trochilidae
Opisthocomus,Opisthocomiformes,Opisthocomidae
Pyrocephalus,Passeriformes,Tyrannidae
Taeniopygia,Passeriformes,Estrildidae
Empidonax,Passeriformes,Tyrannidae
Anser,Anseriformes,Anatidae
Histrionicus,Anseriformes,Anatidae
Passerina,Passeriformes,Cardinalidae
Archilochus,Apodiformes,Trochilidae
Cyanocitta,Passeriformes,Corvidae
Cairina,Anseriformes,Anatidae
Larus,Charadriiformes,Laridae
Selasphorus,Apodiformes,Trochilidae
Buteo,Accipitriformes,Accipitridae
Accipiter,Accipitriformes,Accipitridae
Buteo,Accipitriformes,Accipitridae
Bonasa,Galliformes,Phasianidae
Aythya,Anseriformes,Anatidae
Archilochus,Apodiformes,Trochilidae
Podilymbus,Podicipediformes,Podicipedidae
Milvus,Accipitriformes,Accipitridae
Plegadis,Pelecaniformes,Threskiornithidae
Surnia,Strigiformes,Strigidae
Buceros,Bucerotiformes,Bucerotidae
Neochmia,Passeriformes,Estrildidae
Parabuteo,Accipitriformes,Accipitridae
Selasphorus,Apodiformes,Trochilidae
Vanellus,Charadriiformes,Charadriidae
Buteo,Accipitriformes,Accipitridae
Bucorvus,Bucerotiformes,Bucorvidae
Eudocimus,Pelecaniformes,Threskiornithidae
Selasphorus,Apodiformes,Trochilidae
Nipponia,Pelecaniformes,Threskiornithidae
